"";"protein.acs";"protein.g";"ID";"Description";"Gene";"global.peptide.count";"global.spectra.count";"global.dNSAF";"peptide.count.P6159-1.id.csv";"peptide.count.P6159-2.id.csv";"spectra.count.P6159-1.id.csv";"spectra.count.P6159-2.id.csv";"dNSAF.P6159-1.id.csv";"dNSAF.P6159-2.id.csv";"Go.Cc"
"1";"A5A3E0";"A5A3E0,P60709,P62736,P63261,P63267-1,P63267-2,P68032,P68133,Q562R1,Q6S8J3-1,Q9BYX7";"ACTA_HUMAN, ACTB_HUMAN, ACTBL_HUMAN, ACTBM_HUMAN, ACTC_HUMAN, ACTG_HUMAN, ACTH_HUMAN, ACTS_HUMAN, POTEE_HUMAN, POTEF_HUMAN";"Actin, alpha cardiac muscle 1, Actin, alpha skeletal muscle, Actin, aortic smooth muscle, Actin, cytoplasmic 1, Actin, cytoplasmic 2, Actin, gamma-enteric smooth muscle, Beta-actin-like protein 2, POTE ankyrin domain family member E, POTE ankyrin domain family member F, Putative beta-actin-like protein 3";"ACTA1, ACTA2, ACTB, ACTBL2, ACTC1, ACTG1, ACTG2, POTEE, POTEF, POTEKP";1;1;0,000309953832942611;1;NA;1;NA;0,000878247575861204;NA;"blood microparticle, extracellular space, cell cortex"
"2";"O14773";"O14773-1,O14773-2";"TPP1_HUMAN";"Tripeptidyl-peptidase 1";"TPP1";1;1;0,00152334326066111;1;NA;1;NA;NA;NA;"mitochondrion, lysosomal lumen, melanosome, lysosome, extracellular vesicular exosome"
"3";"O15144";"O15144";"ARPC2_HUMAN";"Actin-related protein 2/3 complex subunit 2";"ARPC2";1;1;0,00571761503834804;1;NA;1;NA;0,0108522125457249;NA;"focal adhesion, extracellular vesicular exosome, actin cytoskeleton, neuron projection, cytoplasm, cell leading edge, endosome, synapse, plasma membrane, Golgi apparatus, Arp2/3 protein complex, cytosol"
"4";"O60814";"O60814,P58876,P62807,Q5QNW6-1,Q5QNW6-2,Q93079,Q99877,Q99879,Q99880";"H2B1C_HUMAN, H2B1D_HUMAN, H2B1H_HUMAN, H2B1K_HUMAN, H2B1L_HUMAN, H2B1M_HUMAN, H2B1N_HUMAN, H2B2F_HUMAN";"Histone H2B type 1-C/E/F/G/I, Histone H2B type 1-D, Histone H2B type 1-H, Histone H2B type 1-K, Histone H2B type 1-L, Histone H2B type 1-M, Histone H2B type 1-N, Histone H2B type 2-F";"HIST1H2BD, HIST1H2BH, HIST1H2BI,HIST1H2BG,HIST1H2BC,HIST1H2BE,HIST1H2BF, HIST1H2BK, HIST1H2BL, HIST1H2BM, HIST1H2BN, HIST2H2BF";5;8;0,0121007725679324;4;4;4;4;0,0147649150281972;0,0274028077345655;"nucleosome, nucleoplasm"
"5";"O75526";"O75526,P38159-1,P38159-3,Q8N7X1,Q96E39";"RBMX_HUMAN, RMXL1_HUMAN, RMXL2_HUMAN, RMXL3_HUMAN";"RNA-binding motif protein, X-linked-like-2, RNA-binding motif protein, X-linked-like-3, RNA-binding motif protein, X chromosome, RNA binding motif protein, X-linked-like-1";"RBMX, RBMXL1, RBMXL2, RBMXL3";1;1;0,000651951543711293;NA;1;NA;1;NA;0,00326788485963856;"nucleus, ribonucleoprotein complex"
"6";"P00558";"P00558";"PGK1_HUMAN";"Phosphoglycerate kinase 1";"PGK1";1;1;0,00411339211391945;1;NA;1;NA;0,0078073471551978;NA;"extracellular vesicular exosome, cytosol"
"7";"P01891";"P01891,P01892,P04439,P05534,P10314,P10316,P10319,P13746-1,P13746-2,P16188,P16189,P16190,P18462,P18464,P18465,P30443,P30447,P30450,P30453,P30455,P30456,P30457,P30459,P30464,P30484,P30490,P30491,P30492,P30493,P30495,P30498,P30504,P30508,P30510,P30512,P30685,Q29940,Q29960-1,Q29960-2,Q95604";"1A01_HUMAN, 1A02_HUMAN, 1A03_HUMAN, 1A11_HUMAN, 1A23_HUMAN, 1A24_HUMAN, 1A25_HUMAN, 1A26_HUMAN, 1A29_HUMAN, 1A30_HUMAN, 1A31_HUMAN, 1A32_HUMAN, 1A33_HUMAN, 1A34_HUMAN, 1A36_HUMAN, 1A43_HUMAN, 1A66_HUMAN, 1A68_HUMAN, 1A69_HUMAN, 1A74_HUMAN, 1B15_HUMAN, 1B35_HUMAN, 1B46_HUMAN, 1B51_HUMAN, 1B52_HUMAN, 1B53_HUMAN, 1B54_HUMAN, 1B55_HUMAN, 1B56_HUMAN, 1B57_HUMAN, 1B58_HUMAN, 1B59_HUMAN, 1B78_HUMAN, 1C04_HUMAN, 1C12_HUMAN, 1C14_HUMAN, 1C16_HUMAN, 1C17_HUMAN";"HLA class I histocompatibility antigen, A-1 alpha chain, HLA class I histocompatibility antigen, A-11 alpha chain, HLA class I histocompatibility antigen, A-2 alpha chain, HLA class I histocompatibility antigen, A-23 alpha chain, HLA class I histocompatibility antigen, A-24 alpha chain, HLA class I histocompatibility antigen, A-25 alpha chain, HLA class I histocompatibility antigen, A-26 alpha chain, HLA class I histocompatibility antigen, A-29 alpha chain, HLA class I histocompatibility antigen, A-3 alpha chain, HLA class I histocompatibility antigen, A-30 alpha chain, HLA class I histocompatibility antigen, A-31 alpha chain, HLA class I histocompatibility antigen, A-32 alpha chain, HLA class I histocompatibility antigen, A-33 alpha chain, HLA class I histocompatibility antigen, A-34 alpha chain, HLA class I histocompatibility antigen, A-36 alpha chain, HLA class I histocompatibility antigen, A-43 alpha chain, HLA class I histocompatibility antigen, A-66 alpha chain, HLA class I histocompatibility antigen, A-68 alpha chain, HLA class I histocompatibility antigen, A-69 alpha chain, HLA class I histocompatibility antigen, A-74 alpha chain, HLA class I histocompatibility antigen, B-15 alpha chain, HLA class I histocompatibility antigen, B-35 alpha chain, HLA class I histocompatibility antigen, B-46 alpha chain, HLA class I histocompatibility antigen, B-51 alpha chain, HLA class I histocompatibility antigen, B-52 alpha chain, HLA class I histocompatibility antigen, B-53 alpha chain, HLA class I histocompatibility antigen, B-54 alpha chain, HLA class I histocompatibility antigen, B-55 alpha chain, HLA class I histocompatibility antigen, B-56 alpha chain, HLA class I histocompatibility antigen, B-57 alpha chain, HLA class I histocompatibility antigen, B-58 alpha chain, HLA class I histocompatibility antigen, B-59 alpha chain, HLA class I histocompatibility antigen, B-78 alpha chain, HLA class I histocompatibility antigen, Cw-12 alpha chain, HLA class I histocompatibility antigen, Cw-14 alpha chain, HLA class I histocompatibility antigen, Cw-16 alpha chain, HLA class I histocompatibility antigen, Cw-17 alpha chain, HLA class I histocompatibility antigen, Cw-4 alpha chain";"HLA-A, HLA-B, HLA-C";1;1;0,000117702910279586;NA;1;NA;1;NA;0,000460858752610151;"plasma membrane, integral component of lumenal side of endoplasmic reticulum membrane, early endosome membrane, ER to Golgi transport vesicle membrane, Golgi membrane, MHC class I protein complex, phagocytic vesicle membrane"
"8";"P04075";"P04075-1,P04075-2";"ALDOA_HUMAN";"Fructose-bisphosphate aldolase A";"ALDOA";8;12;0,0301588485539237;7;5;7;5;NA;NA;"actin cytoskeleton, platelet alpha granule lumen, cytosol, extracellular space, extracellular vesicular exosome, extracellular region, I band"
"9";"P04229";"P01911,P01912,P04229,P13761,P20039,P79483,Q29974,Q30134,Q5Y7A7,Q95IE3,Q9TQE0";"2B11_HUMAN, 2B13_HUMAN, 2B17_HUMAN, 2B18_HUMAN, 2B19_HUMAN, 2B1B_HUMAN, 2B1C_HUMAN, 2B1D_HUMAN, 2B1F_HUMAN, 2B1G_HUMAN, DRB3_HUMAN";"HLA class II histocompatibility antigen, DR beta 3 chain, HLA class II histocompatibility antigen, DRB1-1 beta chain, HLA class II histocompatibility antigen, DRB1-11 beta chain, HLA class II histocompatibility antigen, DRB1-12 beta chain, HLA class II histocompatibility antigen, DRB1-13 beta chain, HLA class II histocompatibility antigen, DRB1-15 beta chain, HLA class II histocompatibility antigen, DRB1-16 beta chain, HLA class II histocompatibility antigen, DRB1-3 chain, HLA class II histocompatibility antigen, DRB1-7 beta chain, HLA class II histocompatibility antigen, DRB1-8 beta chain, HLA class II histocompatibility antigen, DRB1-9 beta chain";"HLA-DRB1, HLA-DRB3";1;1;0,000586221637561316;NA;1;NA;1;NA;0,00206504412353783;"extracellular vesicular exosome, trans-Golgi network membrane, ER to Golgi transport vesicle membrane, external side of plasma membrane, lysosomal membrane, transport vesicle membrane, Golgi membrane, plasma membrane, clathrin-coated endocytic vesicle membrane, endocytic vesicle membrane, late endosome membrane, MHC class II protein complex, integral component of lumenal side of endoplasmic reticulum membrane"
"10";"P04264";"P04264,P05787-1,P05787-2,P08729,P14136-1,P14136-2,P14136-3,P19013,Q6KB66-1,Q6KB66-2,Q6KB66-3";"GFAP_HUMAN, K2C1_HUMAN, K2C4_HUMAN, K2C7_HUMAN, K2C8_HUMAN, K2C80_HUMAN";"Glial fibrillary acidic protein, Keratin, type II cytoskeletal 1, Keratin, type II cytoskeletal 4, Keratin, type II cytoskeletal 7, Keratin, type II cytoskeletal 8, Keratin, type II cytoskeletal 80";"GFAP, KRT1, KRT4, KRT7, KRT8, KRT80";1;1;0,000325790030675102;1;NA;1;NA;0,00197672359667121;NA;"extracellular vesicular exosome, plasma membrane, blood microparticle, extracellular space, membrane, cytoskeleton, keratin filament"
"11";"P04406";"P04406-1";"G3P_HUMAN";"Glyceraldehyde-3-phosphate dehydrogenase";"GAPDH";9;14;0,0716835318240649;8;3;11;3;NA;NA;"perinuclear region of cytoplasm, extracellular vesicular exosome, GAIT complex, ribonucleoprotein complex, cytosol, nucleus, microtubule cytoskeleton, lipid particle, cytoplasm, plasma membrane"
"12";"P04908";"P04908,P0C0S8,P20671,Q7L7L0,Q93077,Q96KK5,Q99878,Q9BTM1-1";"H2A1_HUMAN, H2A1B_HUMAN, H2A1C_HUMAN, H2A1D_HUMAN, H2A1H_HUMAN, H2A1J_HUMAN, H2A3_HUMAN, H2AJ_HUMAN";"Histone H2A type 1, Histone H2A type 1-B/E, Histone H2A type 1-C, Histone H2A type 1-D, Histone H2A type 1-H, Histone H2A type 1-J, Histone H2A type 3, Histone H2A.J";"H2AFJ, HIST1H2AC, HIST1H2AD, HIST1H2AE,HIST1H2AB, HIST1H2AH, HIST1H2AJ, HIST1H2AK,HIST1H2AI,HIST1H2AG,HIST1H2AL,HIST1H2AM, HIST3H2A";1;3;0,00919790245299467;1;1;2;1;0,013175975497017;0,0133384527714607;"nucleus, extracellular vesicular exosome, nucleosome"
"13";"P05388";"P05388";"RLA0_HUMAN";"60S acidic ribosomal protein P0";"RPLP0";2;2;0,0108219842997124;2;NA;2;NA;0,0205404653862302;NA;"ribonucleoprotein complex, extracellular vesicular exosome, cytoplasm, cytosolic large ribosomal subunit, nucleus, cytosol"
"14";"P05496";"P05496,P48201,Q06055-1,Q06055-2,Q06055-3";"AT5G1_HUMAN, AT5G2_HUMAN, AT5G3_HUMAN";"ATP synthase F(0) complex subunit C1, mitochondrial, ATP synthase F(0) complex subunit C2, mitochondrial, ATP synthase F(0) complex subunit C3, mitochondrial";"ATP5G1, ATP5G2, ATP5G3";1;1;0,00244691085806621;1;NA;1;NA;0,0117110207327967;NA;"integral component of membrane, mitochondrial proton-transporting ATP synthase complex, mitochondrial inner membrane, mitochondrion, proton-transporting ATP synthase complex, coupling factor F(o)"
"15";"P06576";"P06576";"ATPB_HUMAN";"ATP synthase subunit beta, mitochondrial";"ATP5B";9;11;0,0356675418271239;7;4;7;4;0,0430806169111954;0,045688613273888;"mitochondrial nucleoid, mitochondrial membrane, mitochondrial proton-transporting ATP synthase, catalytic core, mitochondrial matrix, mitochondrial proton-transporting ATP synthase complex, extracellular vesicular exosome, cell surface, mitochondrion, plasma membrane"
"16";"P06733";"P06733-1,P06733-2,P09104,P13929-1,P13929-2,P13929-3";"ENOA_HUMAN, ENOB_HUMAN, ENOG_HUMAN";"Alpha-enolase, Beta-enolase, Gamma-enolase";"ENO1, ENO2, ENO3";1;1;0,000658711409947931;1;NA;1;NA;0,00750152940948729;NA;"extracellular vesicular exosome, plasma membrane, cytoplasm, nucleus, phosphopyruvate hydratase complex, extracellular space, M band, cytosol"
"17";"P07437";"P07437";"TBB5_HUMAN";"Tubulin beta chain";"TUBB";3;4;0,0334815295038399;3;1;3;1;0,0494948882997591;0,0272176536282509;"cytosol, cell body, microtubule, nuclear envelope lumen, extracellular vesicular exosome, cytoskeleton"
"18";"P07910";"P07910-1,P07910-2,P07910-4";"HNRPC_HUMAN";"Heterogeneous nuclear ribonucleoproteins C1/C2";"HNRNPC";3;3;0,0056055049395569;NA;3;NA;3;NA;NA;"spliceosomal complex, extracellular vesicular exosome, catalytic step 2 spliceosome, nucleus, nucleoplasm"
"19";"P07954";"P07954-1,P07954-2";"FUMH_HUMAN";"Fumarate hydratase, mitochondrial";"FH";1;1;0,00168165148186707;1;NA;1;NA;NA;NA;"extracellular vesicular exosome, tricarboxylic acid cycle enzyme complex, cytoplasm, mitochondrial matrix, mitochondrion"
"20";"P08865";"P08865";"RSSA_HUMAN";"40S ribosomal protein SA";"RPSA";1;2;0,0116290475356231;1;1;1;1;0,0110361483515847;0,0204824376456668;"plasma membrane, cytoplasm, nucleus, 90S preribosome, cytosol, cytosolic small ribosomal subunit, extracellular vesicular exosome"
"21";"P09651";"P09651-1,P09651-2,P09651-3";"ROA1_HUMAN";"Heterogeneous nuclear ribonucleoprotein A1";"HNRNPA1";5;7;0,0107589530291495;2;5;2;5;NA;NA;"spliceosomal complex, extracellular vesicular exosome, intermediate filament cytoskeleton, cytoplasm, ribonucleoprotein complex, nucleus, nucleoplasm, catalytic step 2 spliceosome"
"22";"P09972";"P09972";"ALDOC_HUMAN";"Fructose-bisphosphate aldolase C";"ALDOC";1;3;0,0150794242769619;1;1;1;2;0,0100621476213796;0,0331995555245697;"axon, mitochondrion, cytosol, cytoskeleton, extracellular vesicular exosome"
"23";"P0C0S5";"P0C0S5,Q71UI9-1,Q71UI9-2";"H2AV_HUMAN, H2AZ_HUMAN";"Histone H2A.V, Histone H2A.Z";"H2AFV, H2AFZ";1;1;0,00714701879793505;1;0;1;0;0,0381523097310643;NA;"nucleosome, nucleus"
"24";"P10412";"P10412,P16402,P16403";"H12_HUMAN, H13_HUMAN, H14_HUMAN";"Histone H1.2, Histone H1.3, Histone H1.4";"HIST1H1C, HIST1H1D, HIST1H1E";2;2;0,0052535513369201;2;NA;2;NA;0,00997140509561251;NA;"nucleus, nucleosome"
"25";"P10809";"P10809";"CH60_HUMAN";"60 kDa heat shock protein, mitochondrial";"HSPD1";2;2;0,00598703145376758;NA;2;NA;2;NA;0,021090119041786;"mitochondrion, coated pit, secretory granule, mitochondrial matrix, extracellular space, protein complex, mitochondrial inner membrane, plasma membrane, extracellular vesicular exosome, early endosome, cytoplasm, cell surface, coated vesicle, cytosol, lipopolysaccharide receptor complex"
"26";"P11021";"P11021";"GRP78_HUMAN";"78 kDa glucose-regulated protein";"HSPA5";2;2;0,00524551838380554;2;NA;2;NA;0,00995615829883023;NA;"endoplasmic reticulum chaperone complex, endoplasmic reticulum, cell surface, nucleus, midbody, melanosome, integral component of endoplasmic reticulum membrane, extracellular vesicular exosome, endoplasmic reticulum-Golgi intermediate compartment, endoplasmic reticulum lumen, endoplasmic reticulum membrane"
"27";"P11142";"P11142-1,P11142-2";"HSP7C_HUMAN";"Heat shock cognate 71 kDa protein";"HSPA8";2;3;0,00398285877284306;2;NA;3;NA;NA;NA;"extracellular vesicular exosome, intracellular, plasma membrane, ribonucleoprotein complex, nucleolus, blood microparticle, Prp19 complex, cytosol, melanosome, spliceosomal complex, clathrin-sculpted gamma-aminobutyric acid transport vesicle membrane, nucleus"
"28";"P12236";"P12236";"ADT3_HUMAN";"ADP/ATP translocase 3";"SLC25A6";1;1;0,00575598829363896;1;NA;1;NA;0,0109250461869714;NA;"mitochondrion, mitochondrial inner membrane, integral component of membrane, mitochondrial inner membrane presequence translocase complex"
"29";"P13639";"P13639";"EF2_HUMAN";"Elongation factor 2";"EEF2";2;3;0,00599749829197347;2;NA;3;NA;0,0113834397332779;NA;"polysome, cytosol, extracellular vesicular exosome, ribonucleoprotein complex"
"30";"P14618";"P14618-1";"KPYM_HUMAN";"Pyruvate kinase PKM";"PKM";6;7;0,0226120368748227;5;2;5;2;NA;NA;"cilium, cytosol, mitochondrion, plasma membrane, extracellular vesicular exosome, nucleus, cytoplasm"
"31";"P14625";"P14625";"ENPL_HUMAN";"Endoplasmin";"HSP90B1";2;4;0,00854438112829096;2;1;3;1;0,0121631273862422;0,00752468132686388;"extracellular vesicular exosome, melanosome, midbody, cytosol, endoplasmic reticulum, endoplasmic reticulum lumen, perinuclear region of cytoplasm, plasma membrane, endoplasmic reticulum membrane, endocytic vesicle lumen, extracellular region"
"32";"P17844";"P17844,Q92841-1,Q92841-2,Q92841-3,Q92841-4";"DDX17_HUMAN, DDX5_HUMAN";"Probable ATP-dependent RNA helicase DDX17, Probable ATP-dependent RNA helicase DDX5";"DDX17, DDX5";1;1;0,000485916292210881;NA;1;NA;1;NA;0,00984091059523077;"catalytic step 2 spliceosome, nucleus, ribonucleoprotein complex, nucleolus, extracellular vesicular exosome"
"33";"P22061";"P22061-1,P22061-2";"PIMT_HUMAN";"Protein-L-isoaspartate(D-aspartate) O-methyltransferase";"PCMT1";1;1;0,00377815971697007;1;NA;1;NA;NA;NA;"cytoplasm, endoplasmic reticulum"
"34";"P22626";"P22626-1,P22626-2";"ROA2_HUMAN";"Heterogeneous nuclear ribonucleoproteins A2/B1";"HNRNPA2B1";5;7;0,0170070702273808;4;3;4;3;NA;NA;"spliceosomal complex, cytoplasm, catalytic step 2 spliceosome, ribonucleoprotein complex, nucleoplasm"
"35";"P23396";"P23396-1,P23396-2";"RS3_HUMAN";"40S ribosomal protein S3";"RPS3";1;1;0,00352939199898027;1;NA;1;NA;NA;NA;"cytoplasm, nucleus, cytosol, extracellular vesicular exosome, ruffle membrane, cytosolic small ribosomal subunit, ribonucleoprotein complex"
"36";"P25705";"P25705-1,P25705-2";"ATPA_HUMAN";"ATP synthase subunit alpha, mitochondrial";"ATP5A1";2;2;0,00310178031013456;NA;2;NA;2;NA;NA;"mitochondrial matrix, mitochondrial proton-transporting ATP synthase complex, extracellular vesicular exosome, plasma membrane, mitochondrial inner membrane, proton-transporting ATP synthase complex, catalytic core F(1), mitochondrion"
"37";"P26038";"P26038";"MOES_HUMAN";"Moesin";"MSN";5;5;0,0148638172574039;5;NA;5;NA;0,0282119910200822;NA;"microvillus, blood microparticle, plasma membrane, basolateral plasma membrane, extracellular vesicular exosome, apical part of cell, cytoskeleton, filopodium, uropod, apical plasma membrane, microvillus membrane, cytoplasm, extrinsic component of membrane"
"38";"P27708";"P27708";"PYR1_HUMAN";"CAD protein";"CAD";1;1;0,000770914387192994;1;NA;1;NA;0,00146321966908651;NA;"terminal bouton, nuclear matrix, nucleus, protein complex, extracellular vesicular exosome, cytosol, cell projection, neuronal cell body"
"39";"P30049";"P30049";"ATPD_HUMAN";"ATP synthase subunit delta, mitochondrial";"ATP5D";2;2;0,0204200537083858;2;NA;2;NA;0,0387579019490177;NA;"mitochondrial proton-transporting ATP synthase complex, catalytic core F(1), mitochondrion, mitochondrial inner membrane, mitochondrial proton-transporting ATP synthase complex, mitochondrial matrix"
"40";"P30050";"P30050-1,P30050-2";"RL12_HUMAN";"60S ribosomal protein L12";"RPL12";1;1;0,00519783185304367;NA;1;NA;1;NA;NA;"cytosolic large ribosomal subunit, extracellular vesicular exosome, cytosol"
"41";"P30488";"P03989,P30479,P30481,P30483,P30485,P30487,P30488,Q04826";"1B27_HUMAN, 1B40_HUMAN, 1B41_HUMAN, 1B44_HUMAN, 1B45_HUMAN, 1B47_HUMAN, 1B49_HUMAN, 1B50_HUMAN";"HLA class I histocompatibility antigen, B-27 alpha chain, HLA class I histocompatibility antigen, B-40 alpha chain, HLA class I histocompatibility antigen, B-41 alpha chain, HLA class I histocompatibility antigen, B-44 alpha chain, HLA class I histocompatibility antigen, B-45 alpha chain, HLA class I histocompatibility antigen, B-47 alpha chain, HLA class I histocompatibility antigen, B-49 alpha chain, HLA class I histocompatibility antigen, B-50 alpha chain";"HLA-B";1;1;0,000592294375519479;1;NA;1;NA;0,00112419328857648;NA;"plasma membrane, cell surface, ER to Golgi transport vesicle membrane, phagocytic vesicle membrane, MHC class I protein complex, Golgi membrane, integral component of lumenal side of endoplasmic reticulum membrane, early endosome membrane"
"42";"P38646";"P38646";"GRP75_HUMAN";"Stress-70 protein, mitochondrial";"HSPA9";1;1;0,0025261922113467;1;NA;1;NA;0,00479479199369291;NA;"mitochondrial nucleoid, extracellular vesicular exosome, mitochondrion, cytoplasm, nucleolus"
"43";"P39656";"P39656";"OST48_HUMAN";"Dolichyl-diphosphooligosaccharide--protein glycosyltransferase 48 kDa subunit";"DDOST";1;1;0,00376158884101845;1;NA;1;NA;0,00713961351692431;NA;"integral component of membrane, protein complex, intracellular membrane-bounded organelle, oligosaccharyltransferase complex, endoplasmic reticulum, endoplasmic reticulum membrane"
"44";"P40926";"P40926";"MDHM_HUMAN";"Malate dehydrogenase, mitochondrial";"MDH2";1;1;0,00507480624705447;1;NA;1;NA;0,00963214131277362;NA;"mitochondrial inner membrane, mitochondrion, mitochondrial matrix, nucleus, extracellular vesicular exosome, plasma membrane"
"45";"P46777";"P46777";"RL5_HUMAN";"60S ribosomal protein L5";"RPL5";1;1;0,00577536872560408;1;NA;1;NA;0,0109618308542676;NA;"nucleolus, ribonucleoprotein complex, cytoplasm, extracellular vesicular exosome, cytosolic large ribosomal subunit, cytosol, nucleus"
"46";"P46782";"P46782";"RS5_HUMAN";"40S ribosomal protein S5";"RPS5";1;1;0,00840825740933535;1;NA;1;NA;0,0159591360966543;NA;"ribonucleoprotein complex, cytosolic small ribosomal subunit, cytosol, extracellular vesicular exosome"
"47";"P61247";"P61247";"RS3A_HUMAN";"40S ribosomal protein S3a";"RPS3A";1;1;0,00649728981630459;1;NA;1;NA;0,0123320597110511;NA;"ribonucleoprotein complex, nucleolus, nucleus, extracellular vesicular exosome, cytoplasm, cytosolic small ribosomal subunit, cytosol"
"48";"P61604";"P61604";"CH10_HUMAN";"10 kDa heat shock protein, mitochondrial";"HSPE1";1;1;0,0168165148186707;1;NA;1;NA;0,0319182721933087;NA;"mitochondrial matrix, mitochondrion, extracellular vesicular exosome"
"49";"P61978";"P61978-1,P61978-2,P61978-3";"HNRPK_HUMAN";"Heterogeneous nuclear ribonucleoprotein K";"HNRNPK";4;4;0,00493962422319485;1;3;1;3;NA;NA;"nucleus, catalytic step 2 spliceosome, podosome, nuclear chromatin, nucleoplasm, cell projection, extracellular vesicular exosome, cell junction, cytoplasm"
"50";"P62753";"P62753";"RS6_HUMAN";"40S ribosomal protein S6";"RPS6";1;1;0,00688869281728679;1;NA;1;NA;0,0130749548743674;NA;"cytosol, cytoplasm, nucleolus, nucleus, cytosolic small ribosomal subunit, small ribosomal subunit, ribonucleoprotein complex"
"51";"P62805";"P62805";"H4_HUMAN";"Histone H4";"HIST1H4F,HIST1H4L,HIST1H4H,HIST2H4B,HIST1H4I,HIST1H4B,HIST1H4A,HIST1H4E,HIST4H4,HIST2H4A,HIST1H4C,HIST1H4K,HIST1H4D,HIST1H4J";4;6;0,0999194861070531;3;3;3;3;0,0948251581665287;0,175989876858399;"nucleosome, extracellular vesicular exosome, extracellular region, nucleoplasm, nucleus"
"52";"P62829";"P62829";"RL23_HUMAN";"60S ribosomal protein L23";"RPL23";1;1;0,0122520322250315;1;NA;1;NA;0,0232547411694106;NA;"nucleolus, cytoplasm, ribosome, extracellular vesicular exosome, cytosol, cytosolic large ribosomal subunit"
"53";"P62888";"P62888";"RL30_HUMAN";"60S ribosomal protein L30";"RPL30";1;2;0,0298310349826854;1;1;1;1;0,0283101196844999;0,0525419052649712;"cytoplasm, cytosol, extracellular vesicular exosome, cytosolic large ribosomal subunit"
"54";"P62913";"P62913-1,P62913-2";"RL11_HUMAN";"60S ribosomal protein L11";"RPL11";1;1;0,00481821491995621;1;NA;1;NA;NA;NA;"extracellular vesicular exosome, cytosol, cytosolic large ribosomal subunit, nucleolus"
"55";"P62917";"P62917";"RL8_HUMAN";"60S ribosomal protein L8";"RPL8";1;1;0,00667425879962806;1;NA;1;NA;0,0126679523880058;NA;"cytosol, cytosolic large ribosomal subunit"
"56";"P63244";"P63244";"GBLP_HUMAN";"Guanine nucleotide-binding protein subunit beta-2-like 1";"GNB2L1";1;1;0,00541099214985619;1;NA;1;NA;0,0102702326931151;NA;"cytoskeleton, mitochondrion, perikaryon, neuronal cell body, cytoplasm, midbody, dendrite, nucleus, extracellular vesicular exosome, small ribosomal subunit, perinuclear region of cytoplasm, cytosol, phagocytic cup"
"57";"P68104";"P68104,Q5VTE0";"EF1A1_HUMAN, EF1A3_HUMAN";"Elongation factor 1-alpha 1, Putative elongation factor 1-alpha-like 3";"EEF1A1, EEF1A1P5";3;6;0,011138211113665;3;3;3;3;0,0105703368951866;0,0196179191736094;"cytoplasm, nucleolus, cytosol, extracellular vesicular exosome, eukaryotic translation elongation factor 1 complex, plasma membrane, extracellular space, nucleus"
"58";"P68363";"P68363";"TBA1B_HUMAN";"Tubulin alpha-1B chain";"TUBA1B";9;13;0,0494427907972447;7;5;8;5;0,0577501332810197;0,0669880166903735;"cytoplasmic microtubule, microtubule"
"59";"P68371";"P68371";"TBB4B_HUMAN";"Tubulin beta-4B chain";"TUBB4B";1;2;0,0167031450558482;1;1;1;1;0,0164612212772232;0,0271564903616705;"microtubule, cytoskeleton, cytosol, extracellular vesicular exosome"
"60";"P78371";"P78371-1";"TCPB_HUMAN";"T-complex protein 1 subunit beta";"CCT2";3;3;0,00961841782152006;3;NA;3;NA;NA;NA;"cytosol, cell body, microtubule, zona pellucida receptor complex, chaperonin-containing T-complex, extracellular vesicular exosome"
"61";"Q00839";"Q00839-1,Q00839-2";"HNRPU_HUMAN";"Heterogeneous nuclear ribonucleoprotein U";"HNRNPU";4;6;0,0062373982236524;3;2;4;2;NA;NA;"ribonucleoprotein complex, catalytic step 2 spliceosome, nucleoplasm, CRD-mediated mRNA stability complex, cell surface"
"62";"Q02878";"Q02878";"RL6_HUMAN";"60S ribosomal protein L6";"RPL6";1;1;0,0059558489982792;1;NA;1;NA;0,0113043880684635;NA;"cytosol, cytosolic large ribosomal subunit"
"63";"Q06830";"Q06830";"PRDX1_HUMAN";"Peroxiredoxin-1";"PRDX1";6;9;0,0775756814248226;4;5;4;5;0,065440477662663;0,15181706295155;"cytoplasm, cytosol, extracellular vesicular exosome, nucleolus, mitochondrial matrix, nucleus, peroxisomal matrix, melanosome, extracellular space, nuclear euchromatin"
"64";"Q07020";"Q07020";"RL18_HUMAN";"60S ribosomal protein L18";"RPL18";2;4;0,0364954151383917;2;2;2;2;0,0346347208906115;0,0642799904837414;"cytosolic large ribosomal subunit, nucleolus, cytoplasm, cytosol"
"65";"Q13576";"Q13576-1,Q13576-2";"IQGA2_HUMAN";"Ras GTPase-activating-like protein IQGAP2";"IQGAP2";1;1;0,000544534765556956;1;NA;1;NA;NA;NA;"extracellular vesicular exosome, actin cytoskeleton, microvillus, microtubule"
"66";"Q14103";"Q14103-1,Q14103-2,Q14103-3,Q14103-4";"HNRPD_HUMAN";"Heterogeneous nuclear ribonucleoprotein D0";"HNRNPD";1;1;0,00241589367817523;NA;1;NA;1;NA;NA;"nucleoplasm, cytosol, ribonucleoprotein complex, nucleus"
"67";"Q15363";"Q15363";"TMED2_HUMAN";"Transmembrane emp24 domain-containing protein 2";"TMED2";1;2;0,0170675075771583;1;NA;2;NA;0,0323946643155969;NA;"endoplasmic reticulum-Golgi intermediate compartment membrane, Golgi apparatus, intracellular membrane-bounded organelle, endoplasmic reticulum-Golgi intermediate compartment, Golgi cisterna membrane, integral component of membrane, endoplasmic reticulum, COPI-coated vesicle, COPI-coated vesicle membrane, zymogen granule membrane, endoplasmic reticulum membrane"
"68";"Q6FI13";"Q16777,Q6FI13";"H2A2A_HUMAN, H2A2C_HUMAN";"Histone H2A type 2-A, Histone H2A type 2-C";"HIST2H2AA4,HIST2H2AA3, HIST2H2AC";1;1;0,0122520322250315;1;0;1;0;0,0230452389967132;NA;"extracellular vesicular exosome, nucleosome, nucleus"
"69";"Q71DI3";"Q71DI3";"H32_HUMAN";"Histone H3.2";"HIST2H3D,HIST2H3C,HIST2H3A";5;7;0,0882867027980212;3;4;3;4;0,0718161124349445;0,177715267807991;"extracellular vesicular exosome, nucleosome, nucleoplasm, extracellular region"
"70";"Q99729";"Q99729-2,Q99729-3";"ROAA_HUMAN";"Heterogeneous nuclear ribonucleoprotein A/B";"HNRNPAB";1;1;0,00516651961296509;NA;1;NA;1;NA;NA;"ribonucleoprotein complex, cytoplasm, nucleus"
"71";"Q9ULV4";"Q9ULV4-1,Q9ULV4-2,Q9ULV4-3";"COR1C_HUMAN";"Coronin-1C";"CORO1C";1;1;0,00120624789838566;1;NA;1;NA;NA;NA;"plasma membrane, lamellipodium, cytoplasm, actin cytoskeleton"
"72";"Q9UQ80";"Q9UQ80";"PA2G4_HUMAN";"Proliferation-associated protein 2G4";"PA2G4";1;1;0,00435351398858988;1;NA;1;NA;0,00826310599928296;NA;"nucleolus, ribonucleoprotein complex, cytoplasm, extracellular vesicular exosome, nucleus"
